ProductID,ProductName,Category,SubCategory
P0001,Asian Paint Product 1,Industrial Coating,Economy
P0002,Asian Paint Product 2,Putty,Standard
P0003,Asian Paint Product 3,Waterproofing,Economy
P0004,Asian Paint Product 4,Industrial Coating,Premium
P0005,Asian Paint Product 5,Primer,Premium
P0006,Asian Paint Product 6,Waterproofing,Premium
P0007,Asian Paint Product 7,Waterproofing,Premium
P0008,Asian Paint Product 8,Industrial Coating,Economy
P0009,Asian Paint Product 9,Exterior Emulsion,Standard
P0010,Asian Paint Product 10,Primer,Premium
P0011,Asian Paint Product 11,Industrial Coating,Standard
P0012,Asian Paint Product 12,Primer,Economy
P0013,Asian Paint Product 13,Primer,Economy
P0014,Asian Paint Product 14,Waterproofing,Economy
P0015,Asian Paint Product 15,Putty,Premium
P0016,Asian Paint Product 16,Primer,Standard
P0017,Asian Paint Product 17,Wood Finish,Standard
P0018,Asian Paint Product 18,Waterproofing,Standard
P0019,Asian Paint Product 19,Exterior Emulsion,Economy
P0020,Asian Paint Product 20,Putty,Premium
P0021,Asian Paint Product 21,Wood Finish,Economy
P0022,Asian Paint Product 22,Wood Finish,Economy
P0023,Asian Paint Product 23,Exterior Emulsion,Standard
P0024,Asian Paint Product 24,Putty,Economy
P0025,Asian Paint Product 25,Waterproofing,Standard
P0026,Asian Paint Product 26,Interior Emulsion,Premium
P0027,Asian Paint Product 27,Putty,Standard
P0028,Asian Paint Product 28,Exterior Emulsion,Premium
P0029,Asian Paint Product 29,Wood Finish,Standard
P0030,Asian Paint Product 30,Waterproofing,Economy
P0031,Asian Paint Product 31,Putty,Economy
P0032,Asian Paint Product 32,Interior Emulsion,Premium
P0033,Asian Paint Product 33,Interior Emulsion,Premium
P0034,Asian Paint Product 34,Primer,Premium
P0035,Asian Paint Product 35,Primer,Standard
P0036,Asian Paint Product 36,Industrial Coating,Standard
P0037,Asian Paint Product 37,Exterior Emulsion,Premium
P0038,Asian Paint Product 38,Putty,Economy
P0039,Asian Paint Product 39,Putty,Standard
P0040,Asian Paint Product 40,Industrial Coating,Standard
P0041,Asian Paint Product 41,Wood Finish,Standard
P0042,Asian Paint Product 42,Wood Finish,Premium
P0043,Asian Paint Product 43,Industrial Coating,Premium
P0044,Asian Paint Product 44,Wood Finish,Premium
P0045,Asian Paint Product 45,Primer,Premium
P0046,Asian Paint Product 46,Putty,Premium
P0047,Asian Paint Product 47,Industrial Coating,Economy
P0048,Asian Paint Product 48,Putty,Economy
P0049,Asian Paint Product 49,Interior Emulsion,Premium
P0050,Asian Paint Product 50,Primer,Standard
P0051,Asian Paint Product 51,Waterproofing,Premium
P0052,Asian Paint Product 52,Primer,Economy
P0053,Asian Paint Product 53,Industrial Coating,Economy
P0054,Asian Paint Product 54,Waterproofing,Standard
P0055,Asian Paint Product 55,Interior Emulsion,Economy
P0056,Asian Paint Product 56,Industrial Coating,Premium
P0057,Asian Paint Product 57,Exterior Emulsion,Standard
P0058,Asian Paint Product 58,Putty,Premium
P0059,Asian Paint Product 59,Interior Emulsion,Premium
P0060,Asian Paint Product 60,Putty,Standard
P0061,Asian Paint Product 61,Wood Finish,Premium
P0062,Asian Paint Product 62,Exterior Emulsion,Economy
P0063,Asian Paint Product 63,Exterior Emulsion,Premium
P0064,Asian Paint Product 64,Interior Emulsion,Standard
P0065,Asian Paint Product 65,Exterior Emulsion,Standard
P0066,Asian Paint Product 66,Waterproofing,Standard
P0067,Asian Paint Product 67,Exterior Emulsion,Premium
P0068,Asian Paint Product 68,Putty,Standard
P0069,Asian Paint Product 69,Putty,Standard
P0070,Asian Paint Product 70,Industrial Coating,Premium
P0071,Asian Paint Product 71,Putty,Economy
P0072,Asian Paint Product 72,Industrial Coating,Premium
P0073,Asian Paint Product 73,Putty,Standard
P0074,Asian Paint Product 74,Waterproofing,Standard
P0075,Asian Paint Product 75,Industrial Coating,Premium
P0076,Asian Paint Product 76,Primer,Economy
P0077,Asian Paint Product 77,Wood Finish,Standard
P0078,Asian Paint Product 78,Interior Emulsion,Standard
P0079,Asian Paint Product 79,Putty,Standard
P0080,Asian Paint Product 80,Exterior Emulsion,Premium
P0081,Asian Paint Product 81,Putty,Standard
P0082,Asian Paint Product 82,Exterior Emulsion,Economy
P0083,Asian Paint Product 83,Wood Finish,Standard
P0084,Asian Paint Product 84,Wood Finish,Standard
P0085,Asian Paint Product 85,Wood Finish,Economy
P0086,Asian Paint Product 86,Exterior Emulsion,Standard
P0087,Asian Paint Product 87,Putty,Premium
P0088,Asian Paint Product 88,Wood Finish,Premium
P0089,Asian Paint Product 89,Waterproofing,Premium
P0090,Asian Paint Product 90,Industrial Coating,Economy
P0091,Asian Paint Product 91,Exterior Emulsion,Standard
P0092,Asian Paint Product 92,Exterior Emulsion,Premium
P0093,Asian Paint Product 93,Putty,Economy
P0094,Asian Paint Product 94,Exterior Emulsion,Standard
P0095,Asian Paint Product 95,Exterior Emulsion,Economy
P0096,Asian Paint Product 96,Wood Finish,Premium
P0097,Asian Paint Product 97,Putty,Premium
P0098,Asian Paint Product 98,Wood Finish,Premium
P0099,Asian Paint Product 99,Industrial Coating,Economy
P0100,Asian Paint Product 100,Industrial Coating,Economy
P0101,Asian Paint Product 101,Wood Finish,Premium
P0102,Asian Paint Product 102,Industrial Coating,Economy
P0103,Asian Paint Product 103,Putty,Premium
P0104,Asian Paint Product 104,Interior Emulsion,Premium
P0105,Asian Paint Product 105,Wood Finish,Standard
P0106,Asian Paint Product 106,Waterproofing,Economy
P0107,Asian Paint Product 107,Waterproofing,Premium
P0108,Asian Paint Product 108,Exterior Emulsion,Premium
P0109,Asian Paint Product 109,Industrial Coating,Economy
P0110,Asian Paint Product 110,Waterproofing,Standard
P0111,Asian Paint Product 111,Exterior Emulsion,Standard
P0112,Asian Paint Product 112,Interior Emulsion,Premium
P0113,Asian Paint Product 113,Putty,Economy
P0114,Asian Paint Product 114,Putty,Standard
P0115,Asian Paint Product 115,Putty,Economy
P0116,Asian Paint Product 116,Waterproofing,Economy
P0117,Asian Paint Product 117,Interior Emulsion,Premium
P0118,Asian Paint Product 118,Waterproofing,Standard
P0119,Asian Paint Product 119,Industrial Coating,Premium
P0120,Asian Paint Product 120,Waterproofing,Standard
P0121,Asian Paint Product 121,Interior Emulsion,Standard
P0122,Asian Paint Product 122,Interior Emulsion,Standard
P0123,Asian Paint Product 123,Industrial Coating,Standard
P0124,Asian Paint Product 124,Interior Emulsion,Standard
P0125,Asian Paint Product 125,Interior Emulsion,Economy
P0126,Asian Paint Product 126,Putty,Premium
P0127,Asian Paint Product 127,Industrial Coating,Economy
P0128,Asian Paint Product 128,Primer,Standard
P0129,Asian Paint Product 129,Primer,Premium
P0130,Asian Paint Product 130,Interior Emulsion,Standard
P0131,Asian Paint Product 131,Primer,Premium
P0132,Asian Paint Product 132,Primer,Economy
P0133,Asian Paint Product 133,Interior Emulsion,Premium
P0134,Asian Paint Product 134,Primer,Premium
P0135,Asian Paint Product 135,Waterproofing,Premium
P0136,Asian Paint Product 136,Exterior Emulsion,Premium
P0137,Asian Paint Product 137,Industrial Coating,Premium
P0138,Asian Paint Product 138,Exterior Emulsion,Standard
P0139,Asian Paint Product 139,Interior Emulsion,Premium
P0140,Asian Paint Product 140,Putty,Premium
P0141,Asian Paint Product 141,Industrial Coating,Economy
P0142,Asian Paint Product 142,Interior Emulsion,Premium
P0143,Asian Paint Product 143,Putty,Economy
P0144,Asian Paint Product 144,Exterior Emulsion,Standard
P0145,Asian Paint Product 145,Interior Emulsion,Premium
P0146,Asian Paint Product 146,Industrial Coating,Economy
P0147,Asian Paint Product 147,Industrial Coating,Economy
P0148,Asian Paint Product 148,Wood Finish,Standard
P0149,Asian Paint Product 149,Waterproofing,Premium
P0150,Asian Paint Product 150,Primer,Premium
P0151,Asian Paint Product 151,Putty,Economy
P0152,Asian Paint Product 152,Wood Finish,Premium
P0153,Asian Paint Product 153,Primer,Economy
P0154,Asian Paint Product 154,Primer,Premium
P0155,Asian Paint Product 155,Interior Emulsion,Economy
P0156,Asian Paint Product 156,Primer,Premium
P0157,Asian Paint Product 157,Waterproofing,Standard
P0158,Asian Paint Product 158,Industrial Coating,Premium
P0159,Asian Paint Product 159,Wood Finish,Premium
P0160,Asian Paint Product 160,Primer,Standard
P0161,Asian Paint Product 161,Interior Emulsion,Premium
P0162,Asian Paint Product 162,Waterproofing,Standard
P0163,Asian Paint Product 163,Exterior Emulsion,Premium
P0164,Asian Paint Product 164,Industrial Coating,Economy
P0165,Asian Paint Product 165,Industrial Coating,Economy
P0166,Asian Paint Product 166,Wood Finish,Premium
P0167,Asian Paint Product 167,Industrial Coating,Premium
P0168,Asian Paint Product 168,Primer,Premium
P0169,Asian Paint Product 169,Interior Emulsion,Economy
P0170,Asian Paint Product 170,Industrial Coating,Premium
P0171,Asian Paint Product 171,Industrial Coating,Economy
P0172,Asian Paint Product 172,Exterior Emulsion,Standard
P0173,Asian Paint Product 173,Exterior Emulsion,Economy
P0174,Asian Paint Product 174,Putty,Economy
P0175,Asian Paint Product 175,Waterproofing,Standard
P0176,Asian Paint Product 176,Primer,Economy
P0177,Asian Paint Product 177,Industrial Coating,Premium
P0178,Asian Paint Product 178,Industrial Coating,Premium
P0179,Asian Paint Product 179,Interior Emulsion,Economy
P0180,Asian Paint Product 180,Putty,Premium
P0181,Asian Paint Product 181,Waterproofing,Economy
P0182,Asian Paint Product 182,Putty,Premium
P0183,Asian Paint Product 183,Wood Finish,Premium
P0184,Asian Paint Product 184,Waterproofing,Economy
P0185,Asian Paint Product 185,Industrial Coating,Premium
P0186,Asian Paint Product 186,Industrial Coating,Economy
P0187,Asian Paint Product 187,Waterproofing,Premium
P0188,Asian Paint Product 188,Industrial Coating,Premium
P0189,Asian Paint Product 189,Primer,Standard
P0190,Asian Paint Product 190,Waterproofing,Standard
P0191,Asian Paint Product 191,Putty,Economy
P0192,Asian Paint Product 192,Waterproofing,Standard
P0193,Asian Paint Product 193,Industrial Coating,Economy
P0194,Asian Paint Product 194,Primer,Standard
P0195,Asian Paint Product 195,Primer,Premium
P0196,Asian Paint Product 196,Wood Finish,Economy
P0197,Asian Paint Product 197,Putty,Economy
P0198,Asian Paint Product 198,Exterior Emulsion,Premium
P0199,Asian Paint Product 199,Exterior Emulsion,Economy
P0200,Asian Paint Product 200,Waterproofing,Economy
P0201,Asian Paint Product 201,Wood Finish,Standard
P0202,Asian Paint Product 202,Interior Emulsion,Economy
P0203,Asian Paint Product 203,Waterproofing,Premium
P0204,Asian Paint Product 204,Wood Finish,Standard
P0205,Asian Paint Product 205,Putty,Standard
P0206,Asian Paint Product 206,Putty,Premium
P0207,Asian Paint Product 207,Putty,Premium
P0208,Asian Paint Product 208,Putty,Standard
P0209,Asian Paint Product 209,Putty,Economy
P0210,Asian Paint Product 210,Wood Finish,Standard
P0211,Asian Paint Product 211,Wood Finish,Premium
P0212,Asian Paint Product 212,Primer,Standard
P0213,Asian Paint Product 213,Exterior Emulsion,Premium
P0214,Asian Paint Product 214,Industrial Coating,Standard
P0215,Asian Paint Product 215,Putty,Economy
P0216,Asian Paint Product 216,Interior Emulsion,Standard
P0217,Asian Paint Product 217,Industrial Coating,Standard
P0218,Asian Paint Product 218,Wood Finish,Premium
P0219,Asian Paint Product 219,Interior Emulsion,Premium
P0220,Asian Paint Product 220,Interior Emulsion,Premium
P0221,Asian Paint Product 221,Interior Emulsion,Standard
P0222,Asian Paint Product 222,Primer,Economy
P0223,Asian Paint Product 223,Wood Finish,Premium
P0224,Asian Paint Product 224,Interior Emulsion,Premium
P0225,Asian Paint Product 225,Putty,Standard
P0226,Asian Paint Product 226,Waterproofing,Premium
P0227,Asian Paint Product 227,Interior Emulsion,Economy
P0228,Asian Paint Product 228,Primer,Economy
P0229,Asian Paint Product 229,Industrial Coating,Premium
P0230,Asian Paint Product 230,Wood Finish,Premium
P0231,Asian Paint Product 231,Primer,Standard
P0232,Asian Paint Product 232,Interior Emulsion,Economy
P0233,Asian Paint Product 233,Wood Finish,Economy
P0234,Asian Paint Product 234,Waterproofing,Premium
P0235,Asian Paint Product 235,Interior Emulsion,Standard
P0236,Asian Paint Product 236,Primer,Economy
P0237,Asian Paint Product 237,Exterior Emulsion,Economy
P0238,Asian Paint Product 238,Putty,Standard
P0239,Asian Paint Product 239,Industrial Coating,Standard
P0240,Asian Paint Product 240,Primer,Economy
P0241,Asian Paint Product 241,Wood Finish,Economy
P0242,Asian Paint Product 242,Interior Emulsion,Standard
P0243,Asian Paint Product 243,Putty,Economy
P0244,Asian Paint Product 244,Interior Emulsion,Premium
P0245,Asian Paint Product 245,Wood Finish,Premium
P0246,Asian Paint Product 246,Interior Emulsion,Standard
P0247,Asian Paint Product 247,Exterior Emulsion,Standard
P0248,Asian Paint Product 248,Putty,Standard
P0249,Asian Paint Product 249,Putty,Premium
P0250,Asian Paint Product 250,Wood Finish,Economy
P0251,Asian Paint Product 251,Industrial Coating,Premium
P0252,Asian Paint Product 252,Exterior Emulsion,Economy
P0253,Asian Paint Product 253,Primer,Premium
P0254,Asian Paint Product 254,Interior Emulsion,Economy
P0255,Asian Paint Product 255,Waterproofing,Premium
P0256,Asian Paint Product 256,Interior Emulsion,Standard
P0257,Asian Paint Product 257,Interior Emulsion,Premium
P0258,Asian Paint Product 258,Primer,Economy
P0259,Asian Paint Product 259,Interior Emulsion,Premium
P0260,Asian Paint Product 260,Exterior Emulsion,Premium
P0261,Asian Paint Product 261,Exterior Emulsion,Premium
P0262,Asian Paint Product 262,Putty,Standard
P0263,Asian Paint Product 263,Wood Finish,Premium
P0264,Asian Paint Product 264,Industrial Coating,Standard
P0265,Asian Paint Product 265,Waterproofing,Standard
P0266,Asian Paint Product 266,Interior Emulsion,Premium
P0267,Asian Paint Product 267,Interior Emulsion,Premium
P0268,Asian Paint Product 268,Primer,Premium
P0269,Asian Paint Product 269,Wood Finish,Economy
P0270,Asian Paint Product 270,Exterior Emulsion,Premium
P0271,Asian Paint Product 271,Waterproofing,Standard
P0272,Asian Paint Product 272,Putty,Premium
P0273,Asian Paint Product 273,Exterior Emulsion,Economy
P0274,Asian Paint Product 274,Wood Finish,Premium
P0275,Asian Paint Product 275,Industrial Coating,Economy
P0276,Asian Paint Product 276,Putty,Economy
P0277,Asian Paint Product 277,Industrial Coating,Premium
P0278,Asian Paint Product 278,Primer,Standard
P0279,Asian Paint Product 279,Primer,Economy
P0280,Asian Paint Product 280,Interior Emulsion,Premium
P0281,Asian Paint Product 281,Industrial Coating,Premium
P0282,Asian Paint Product 282,Wood Finish,Standard
P0283,Asian Paint Product 283,Waterproofing,Economy
P0284,Asian Paint Product 284,Putty,Economy
P0285,Asian Paint Product 285,Exterior Emulsion,Premium
P0286,Asian Paint Product 286,Wood Finish,Premium
P0287,Asian Paint Product 287,Wood Finish,Standard
P0288,Asian Paint Product 288,Primer,Standard
P0289,Asian Paint Product 289,Industrial Coating,Economy
P0290,Asian Paint Product 290,Interior Emulsion,Economy
P0291,Asian Paint Product 291,Interior Emulsion,Premium
P0292,Asian Paint Product 292,Putty,Economy
P0293,Asian Paint Product 293,Primer,Standard
P0294,Asian Paint Product 294,Wood Finish,Standard
P0295,Asian Paint Product 295,Waterproofing,Premium
P0296,Asian Paint Product 296,Primer,Standard
P0297,Asian Paint Product 297,Putty,Standard
P0298,Asian Paint Product 298,Putty,Standard
P0299,Asian Paint Product 299,Primer,Standard
P0300,Asian Paint Product 300,Putty,Premium
P0301,Asian Paint Product 301,Primer,Premium
P0302,Asian Paint Product 302,Exterior Emulsion,Economy
P0303,Asian Paint Product 303,Primer,Standard
P0304,Asian Paint Product 304,Industrial Coating,Economy
P0305,Asian Paint Product 305,Primer,Premium
P0306,Asian Paint Product 306,Putty,Premium
P0307,Asian Paint Product 307,Industrial Coating,Premium
P0308,Asian Paint Product 308,Putty,Premium
P0309,Asian Paint Product 309,Interior Emulsion,Premium
P0310,Asian Paint Product 310,Interior Emulsion,Premium
P0311,Asian Paint Product 311,Industrial Coating,Premium
P0312,Asian Paint Product 312,Exterior Emulsion,Standard
P0313,Asian Paint Product 313,Interior Emulsion,Economy
P0314,Asian Paint Product 314,Primer,Premium
P0315,Asian Paint Product 315,Putty,Standard
P0316,Asian Paint Product 316,Interior Emulsion,Standard
P0317,Asian Paint Product 317,Interior Emulsion,Economy
P0318,Asian Paint Product 318,Exterior Emulsion,Premium
P0319,Asian Paint Product 319,Industrial Coating,Economy
P0320,Asian Paint Product 320,Industrial Coating,Premium
P0321,Asian Paint Product 321,Wood Finish,Standard
P0322,Asian Paint Product 322,Exterior Emulsion,Standard
P0323,Asian Paint Product 323,Primer,Standard
P0324,Asian Paint Product 324,Industrial Coating,Standard
P0325,Asian Paint Product 325,Putty,Economy
P0326,Asian Paint Product 326,Exterior Emulsion,Premium
P0327,Asian Paint Product 327,Interior Emulsion,Premium
P0328,Asian Paint Product 328,Putty,Economy
P0329,Asian Paint Product 329,Putty,Premium
P0330,Asian Paint Product 330,Interior Emulsion,Standard
P0331,Asian Paint Product 331,Exterior Emulsion,Premium
P0332,Asian Paint Product 332,Interior Emulsion,Standard
P0333,Asian Paint Product 333,Wood Finish,Economy
P0334,Asian Paint Product 334,Putty,Premium
P0335,Asian Paint Product 335,Waterproofing,Economy
P0336,Asian Paint Product 336,Waterproofing,Premium
P0337,Asian Paint Product 337,Primer,Standard
P0338,Asian Paint Product 338,Industrial Coating,Economy
P0339,Asian Paint Product 339,Interior Emulsion,Premium
P0340,Asian Paint Product 340,Interior Emulsion,Standard
P0341,Asian Paint Product 341,Primer,Economy
P0342,Asian Paint Product 342,Primer,Economy
P0343,Asian Paint Product 343,Primer,Premium
P0344,Asian Paint Product 344,Putty,Premium
P0345,Asian Paint Product 345,Wood Finish,Premium
P0346,Asian Paint Product 346,Interior Emulsion,Standard
P0347,Asian Paint Product 347,Putty,Premium
P0348,Asian Paint Product 348,Primer,Economy
P0349,Asian Paint Product 349,Interior Emulsion,Economy
P0350,Asian Paint Product 350,Putty,Premium
P0351,Asian Paint Product 351,Wood Finish,Premium
P0352,Asian Paint Product 352,Putty,Economy
P0353,Asian Paint Product 353,Wood Finish,Standard
P0354,Asian Paint Product 354,Primer,Premium
P0355,Asian Paint Product 355,Wood Finish,Premium
P0356,Asian Paint Product 356,Interior Emulsion,Economy
P0357,Asian Paint Product 357,Primer,Premium
P0358,Asian Paint Product 358,Interior Emulsion,Standard
P0359,Asian Paint Product 359,Waterproofing,Economy
P0360,Asian Paint Product 360,Exterior Emulsion,Premium
P0361,Asian Paint Product 361,Wood Finish,Economy
P0362,Asian Paint Product 362,Exterior Emulsion,Premium
P0363,Asian Paint Product 363,Exterior Emulsion,Premium
P0364,Asian Paint Product 364,Wood Finish,Premium
P0365,Asian Paint Product 365,Primer,Standard
P0366,Asian Paint Product 366,Waterproofing,Standard
P0367,Asian Paint Product 367,Interior Emulsion,Economy
P0368,Asian Paint Product 368,Putty,Premium
P0369,Asian Paint Product 369,Interior Emulsion,Premium
P0370,Asian Paint Product 370,Putty,Standard
P0371,Asian Paint Product 371,Interior Emulsion,Premium
P0372,Asian Paint Product 372,Wood Finish,Standard
P0373,Asian Paint Product 373,Waterproofing,Premium
P0374,Asian Paint Product 374,Putty,Economy
P0375,Asian Paint Product 375,Industrial Coating,Premium
P0376,Asian Paint Product 376,Primer,Premium
P0377,Asian Paint Product 377,Interior Emulsion,Standard
P0378,Asian Paint Product 378,Interior Emulsion,Premium
P0379,Asian Paint Product 379,Putty,Premium
P0380,Asian Paint Product 380,Primer,Standard
P0381,Asian Paint Product 381,Primer,Economy
P0382,Asian Paint Product 382,Wood Finish,Economy
P0383,Asian Paint Product 383,Industrial Coating,Standard
P0384,Asian Paint Product 384,Wood Finish,Standard
P0385,Asian Paint Product 385,Wood Finish,Standard
P0386,Asian Paint Product 386,Wood Finish,Standard
P0387,Asian Paint Product 387,Wood Finish,Standard
P0388,Asian Paint Product 388,Wood Finish,Economy
P0389,Asian Paint Product 389,Waterproofing,Economy
P0390,Asian Paint Product 390,Primer,Standard
P0391,Asian Paint Product 391,Wood Finish,Premium
P0392,Asian Paint Product 392,Primer,Standard
P0393,Asian Paint Product 393,Primer,Premium
P0394,Asian Paint Product 394,Exterior Emulsion,Standard
P0395,Asian Paint Product 395,Waterproofing,Standard
P0396,Asian Paint Product 396,Wood Finish,Economy
P0397,Asian Paint Product 397,Interior Emulsion,Premium
P0398,Asian Paint Product 398,Putty,Premium
P0399,Asian Paint Product 399,Industrial Coating,Economy
P0400,Asian Paint Product 400,Interior Emulsion,Economy
P0401,Asian Paint Product 401,Waterproofing,Economy
P0402,Asian Paint Product 402,Putty,Economy
P0403,Asian Paint Product 403,Waterproofing,Premium
P0404,Asian Paint Product 404,Primer,Premium
P0405,Asian Paint Product 405,Putty,Standard
P0406,Asian Paint Product 406,Primer,Standard
P0407,Asian Paint Product 407,Interior Emulsion,Economy
P0408,Asian Paint Product 408,Interior Emulsion,Economy
P0409,Asian Paint Product 409,Putty,Economy
P0410,Asian Paint Product 410,Putty,Standard
P0411,Asian Paint Product 411,Wood Finish,Standard
P0412,Asian Paint Product 412,Waterproofing,Standard
P0413,Asian Paint Product 413,Wood Finish,Standard
P0414,Asian Paint Product 414,Waterproofing,Standard
P0415,Asian Paint Product 415,Wood Finish,Standard
P0416,Asian Paint Product 416,Primer,Standard
P0417,Asian Paint Product 417,Putty,Economy
P0418,Asian Paint Product 418,Interior Emulsion,Economy
P0419,Asian Paint Product 419,Waterproofing,Economy
P0420,Asian Paint Product 420,Waterproofing,Economy
P0421,Asian Paint Product 421,Interior Emulsion,Standard
P0422,Asian Paint Product 422,Wood Finish,Premium
P0423,Asian Paint Product 423,Waterproofing,Standard
P0424,Asian Paint Product 424,Industrial Coating,Premium
P0425,Asian Paint Product 425,Primer,Economy
P0426,Asian Paint Product 426,Putty,Standard
P0427,Asian Paint Product 427,Interior Emulsion,Economy
P0428,Asian Paint Product 428,Putty,Standard
P0429,Asian Paint Product 429,Industrial Coating,Economy
P0430,Asian Paint Product 430,Waterproofing,Premium
P0431,Asian Paint Product 431,Waterproofing,Premium
P0432,Asian Paint Product 432,Industrial Coating,Premium
P0433,Asian Paint Product 433,Interior Emulsion,Standard
P0434,Asian Paint Product 434,Primer,Premium
P0435,Asian Paint Product 435,Exterior Emulsion,Standard
P0436,Asian Paint Product 436,Interior Emulsion,Premium
P0437,Asian Paint Product 437,Exterior Emulsion,Premium
P0438,Asian Paint Product 438,Industrial Coating,Standard
P0439,Asian Paint Product 439,Wood Finish,Standard
P0440,Asian Paint Product 440,Exterior Emulsion,Premium
P0441,Asian Paint Product 441,Primer,Standard
P0442,Asian Paint Product 442,Wood Finish,Premium
P0443,Asian Paint Product 443,Exterior Emulsion,Standard
P0444,Asian Paint Product 444,Industrial Coating,Economy
P0445,Asian Paint Product 445,Wood Finish,Economy
P0446,Asian Paint Product 446,Industrial Coating,Economy
P0447,Asian Paint Product 447,Exterior Emulsion,Economy
P0448,Asian Paint Product 448,Industrial Coating,Economy
P0449,Asian Paint Product 449,Primer,Premium
P0450,Asian Paint Product 450,Exterior Emulsion,Economy
P0451,Asian Paint Product 451,Exterior Emulsion,Economy
P0452,Asian Paint Product 452,Exterior Emulsion,Economy
P0453,Asian Paint Product 453,Interior Emulsion,Economy
P0454,Asian Paint Product 454,Interior Emulsion,Standard
P0455,Asian Paint Product 455,Interior Emulsion,Premium
P0456,Asian Paint Product 456,Primer,Economy
P0457,Asian Paint Product 457,Wood Finish,Economy
P0458,Asian Paint Product 458,Industrial Coating,Economy
P0459,Asian Paint Product 459,Waterproofing,Premium
P0460,Asian Paint Product 460,Exterior Emulsion,Standard
P0461,Asian Paint Product 461,Industrial Coating,Premium
P0462,Asian Paint Product 462,Exterior Emulsion,Standard
P0463,Asian Paint Product 463,Primer,Economy
P0464,Asian Paint Product 464,Exterior Emulsion,Economy
P0465,Asian Paint Product 465,Interior Emulsion,Premium
P0466,Asian Paint Product 466,Waterproofing,Premium
P0467,Asian Paint Product 467,Putty,Standard
P0468,Asian Paint Product 468,Exterior Emulsion,Standard
P0469,Asian Paint Product 469,Industrial Coating,Premium
P0470,Asian Paint Product 470,Interior Emulsion,Standard
P0471,Asian Paint Product 471,Putty,Premium
P0472,Asian Paint Product 472,Waterproofing,Standard
P0473,Asian Paint Product 473,Putty,Premium
P0474,Asian Paint Product 474,Interior Emulsion,Premium
P0475,Asian Paint Product 475,Wood Finish,Premium
P0476,Asian Paint Product 476,Wood Finish,Standard
P0477,Asian Paint Product 477,Putty,Standard
P0478,Asian Paint Product 478,Primer,Standard
P0479,Asian Paint Product 479,Industrial Coating,Premium
P0480,Asian Paint Product 480,Industrial Coating,Standard
P0481,Asian Paint Product 481,Putty,Standard
P0482,Asian Paint Product 482,Exterior Emulsion,Premium
P0483,Asian Paint Product 483,Exterior Emulsion,Economy
P0484,Asian Paint Product 484,Industrial Coating,Premium
P0485,Asian Paint Product 485,Industrial Coating,Standard
P0486,Asian Paint Product 486,Wood Finish,Premium
P0487,Asian Paint Product 487,Primer,Economy
P0488,Asian Paint Product 488,Interior Emulsion,Premium
P0489,Asian Paint Product 489,Exterior Emulsion,Standard
P0490,Asian Paint Product 490,Industrial Coating,Economy
P0491,Asian Paint Product 491,Wood Finish,Standard
P0492,Asian Paint Product 492,Waterproofing,Economy
P0493,Asian Paint Product 493,Wood Finish,Economy
P0494,Asian Paint Product 494,Exterior Emulsion,Premium
P0495,Asian Paint Product 495,Exterior Emulsion,Premium
P0496,Asian Paint Product 496,Wood Finish,Standard
P0497,Asian Paint Product 497,Interior Emulsion,Premium
P0498,Asian Paint Product 498,Putty,Premium
P0499,Asian Paint Product 499,Exterior Emulsion,Economy
P0500,Asian Paint Product 500,Wood Finish,Premium
